id	duration	effect_type	requested_stance	cant_move	freeze_fatigue	fatigue_change_ratio	inspiration_aura_range_mod	ability_recharge_change	hp_change_frequency	damage_amount	max_damaged_entities	resurrect	mana_regen_mod	mana_max_depletion_mod	imbue_magical	imbue_ignition	imbue_contact	phase_display	phase_audio	is_hidden_in_ui	affects_allies	affects_enemies	replenish_ammo	composite_scene_group	spreading	freeze_recharge	heal_amount	barrier_heal_amount	remove_magical	execute_ratio
#special_ability_phases_tables;44;db/special_ability_phases_tables/jar_adjustable_missiles__accuracy																														
jar_adjustable_missiles__ability_phase__acc__-100	0.0000	negative		false	false	0.0000	0.0000	0.0000	0.0000	0	-1	false	0.0000	0.0000	false	0				false	true	true	0.0000			false	0.0000	0.0000	false	0.0000
jar_adjustable_missiles__ability_phase__acc__-99	0.0000	negative		false	false	0.0000	0.0000	0.0000	0.0000	0	-1	false	0.0000	0.0000	false	0				false	true	true	0.0000			false	0.0000	0.0000	false	0.0000
jar_adjustable_missiles__ability_phase__acc__-98	0.0000	negative		false	false	0.0000	0.0000	0.0000	0.0000	0	-1	false	0.0000	0.0000	false	0				false	true	true	0.0000			false	0.0000	0.0000	false	0.0000
jar_adjustable_missiles__ability_phase__acc__-97	0.0000	negative		false	false	0.0000	0.0000	0.0000	0.0000	0	-1	false	0.0000	0.0000	false	0				false	true	true	0.0000			false	0.0000	0.0000	false	0.0000
jar_adjustable_missiles__ability_phase__acc__-96	0.0000	negative		false	false	0.0000	0.0000	0.0000	0.0000	0	-1	false	0.0000	0.0000	false	0				false	true	true	0.0000			false	0.0000	0.0000	false	0.0000
jar_adjustable_missiles__ability_phase__acc__-95	0.0000	negative		false	false	0.0000	0.0000	0.0000	0.0000	0	-1	false	0.0000	0.0000	false	0				false	true	true	0.0000			false	0.0000	0.0000	false	0.0000
jar_adjustable_missiles__ability_phase__acc__-94	0.0000	negative		false	false	0.0000	0.0000	0.0000	0.0000	0	-1	false	0.0000	0.0000	false	0				false	true	true	0.0000			false	0.0000	0.0000	false	0.0000
jar_adjustable_missiles__ability_phase__acc__-93	0.0000	negative		false	false	0.0000	0.0000	0.0000	0.0000	0	-1	false	0.0000	0.0000	false	0				false	true	true	0.0000			false	0.0000	0.0000	false	0.0000
jar_adjustable_missiles__ability_phase__acc__-92	0.0000	negative		false	false	0.0000	0.0000	0.0000	0.0000	0	-1	false	0.0000	0.0000	false	0				false	true	true	0.0000			false	0.0000	0.0000	false	0.0000
jar_adjustable_missiles__ability_phase__acc__-91	0.0000	negative		false	false	0.0000	0.0000	0.0000	0.0000	0	-1	false	0.0000	0.0000	false	0				false	true	true	0.0000			false	0.0000	0.0000	false	0.0000
jar_adjustable_missiles__ability_phase__acc__-90	0.0000	negative		false	false	0.0000	0.0000	0.0000	0.0000	0	-1	false	0.0000	0.0000	false	0				false	true	true	0.0000			false	0.0000	0.0000	false	0.0000
jar_adjustable_missiles__ability_phase__acc__-89	0.0000	negative		false	false	0.0000	0.0000	0.0000	0.0000	0	-1	false	0.0000	0.0000	false	0				false	true	true	0.0000			false	0.0000	0.0000	false	0.0000
jar_adjustable_missiles__ability_phase__acc__-88	0.0000	negative		false	false	0.0000	0.0000	0.0000	0.0000	0	-1	false	0.0000	0.0000	false	0				false	true	true	0.0000			false	0.0000	0.0000	false	0.0000
jar_adjustable_missiles__ability_phase__acc__-87	0.0000	negative		false	false	0.0000	0.0000	0.0000	0.0000	0	-1	false	0.0000	0.0000	false	0				false	true	true	0.0000			false	0.0000	0.0000	false	0.0000
jar_adjustable_missiles__ability_phase__acc__-86	0.0000	negative		false	false	0.0000	0.0000	0.0000	0.0000	0	-1	false	0.0000	0.0000	false	0				false	true	true	0.0000			false	0.0000	0.0000	false	0.0000
jar_adjustable_missiles__ability_phase__acc__-85	0.0000	negative		false	false	0.0000	0.0000	0.0000	0.0000	0	-1	false	0.0000	0.0000	false	0				false	true	true	0.0000			false	0.0000	0.0000	false	0.0000
jar_adjustable_missiles__ability_phase__acc__-84	0.0000	negative		false	false	0.0000	0.0000	0.0000	0.0000	0	-1	false	0.0000	0.0000	false	0				false	true	true	0.0000			false	0.0000	0.0000	false	0.0000
jar_adjustable_missiles__ability_phase__acc__-83	0.0000	negative		false	false	0.0000	0.0000	0.0000	0.0000	0	-1	false	0.0000	0.0000	false	0				false	true	true	0.0000			false	0.0000	0.0000	false	0.0000
jar_adjustable_missiles__ability_phase__acc__-82	0.0000	negative		false	false	0.0000	0.0000	0.0000	0.0000	0	-1	false	0.0000	0.0000	false	0				false	true	true	0.0000			false	0.0000	0.0000	false	0.0000
jar_adjustable_missiles__ability_phase__acc__-81	0.0000	negative		false	false	0.0000	0.0000	0.0000	0.0000	0	-1	false	0.0000	0.0000	false	0				false	true	true	0.0000			false	0.0000	0.0000	false	0.0000
jar_adjustable_missiles__ability_phase__acc__-80	0.0000	negative		false	false	0.0000	0.0000	0.0000	0.0000	0	-1	false	0.0000	0.0000	false	0				false	true	true	0.0000			false	0.0000	0.0000	false	0.0000
jar_adjustable_missiles__ability_phase__acc__-79	0.0000	negative		false	false	0.0000	0.0000	0.0000	0.0000	0	-1	false	0.0000	0.0000	false	0				false	true	true	0.0000			false	0.0000	0.0000	false	0.0000
jar_adjustable_missiles__ability_phase__acc__-78	0.0000	negative		false	false	0.0000	0.0000	0.0000	0.0000	0	-1	false	0.0000	0.0000	false	0				false	true	true	0.0000			false	0.0000	0.0000	false	0.0000
jar_adjustable_missiles__ability_phase__acc__-77	0.0000	negative		false	false	0.0000	0.0000	0.0000	0.0000	0	-1	false	0.0000	0.0000	false	0				false	true	true	0.0000			false	0.0000	0.0000	false	0.0000
jar_adjustable_missiles__ability_phase__acc__-76	0.0000	negative		false	false	0.0000	0.0000	0.0000	0.0000	0	-1	false	0.0000	0.0000	false	0				false	true	true	0.0000			false	0.0000	0.0000	false	0.0000
jar_adjustable_missiles__ability_phase__acc__-75	0.0000	negative		false	false	0.0000	0.0000	0.0000	0.0000	0	-1	false	0.0000	0.0000	false	0				false	true	true	0.0000			false	0.0000	0.0000	false	0.0000
jar_adjustable_missiles__ability_phase__acc__-74	0.0000	negative		false	false	0.0000	0.0000	0.0000	0.0000	0	-1	false	0.0000	0.0000	false	0				false	true	true	0.0000			false	0.0000	0.0000	false	0.0000
jar_adjustable_missiles__ability_phase__acc__-73	0.0000	negative		false	false	0.0000	0.0000	0.0000	0.0000	0	-1	false	0.0000	0.0000	false	0				false	true	true	0.0000			false	0.0000	0.0000	false	0.0000
jar_adjustable_missiles__ability_phase__acc__-72	0.0000	negative		false	false	0.0000	0.0000	0.0000	0.0000	0	-1	false	0.0000	0.0000	false	0				false	true	true	0.0000			false	0.0000	0.0000	false	0.0000
jar_adjustable_missiles__ability_phase__acc__-71	0.0000	negative		false	false	0.0000	0.0000	0.0000	0.0000	0	-1	false	0.0000	0.0000	false	0				false	true	true	0.0000			false	0.0000	0.0000	false	0.0000
jar_adjustable_missiles__ability_phase__acc__-70	0.0000	negative		false	false	0.0000	0.0000	0.0000	0.0000	0	-1	false	0.0000	0.0000	false	0				false	true	true	0.0000			false	0.0000	0.0000	false	0.0000
jar_adjustable_missiles__ability_phase__acc__-69	0.0000	negative		false	false	0.0000	0.0000	0.0000	0.0000	0	-1	false	0.0000	0.0000	false	0				false	true	true	0.0000			false	0.0000	0.0000	false	0.0000
jar_adjustable_missiles__ability_phase__acc__-68	0.0000	negative		false	false	0.0000	0.0000	0.0000	0.0000	0	-1	false	0.0000	0.0000	false	0				false	true	true	0.0000			false	0.0000	0.0000	false	0.0000
jar_adjustable_missiles__ability_phase__acc__-67	0.0000	negative		false	false	0.0000	0.0000	0.0000	0.0000	0	-1	false	0.0000	0.0000	false	0				false	true	true	0.0000			false	0.0000	0.0000	false	0.0000
jar_adjustable_missiles__ability_phase__acc__-66	0.0000	negative		false	false	0.0000	0.0000	0.0000	0.0000	0	-1	false	0.0000	0.0000	false	0				false	true	true	0.0000			false	0.0000	0.0000	false	0.0000
jar_adjustable_missiles__ability_phase__acc__-65	0.0000	negative		false	false	0.0000	0.0000	0.0000	0.0000	0	-1	false	0.0000	0.0000	false	0				false	true	true	0.0000			false	0.0000	0.0000	false	0.0000
jar_adjustable_missiles__ability_phase__acc__-64	0.0000	negative		false	false	0.0000	0.0000	0.0000	0.0000	0	-1	false	0.0000	0.0000	false	0				false	true	true	0.0000			false	0.0000	0.0000	false	0.0000
jar_adjustable_missiles__ability_phase__acc__-63	0.0000	negative		false	false	0.0000	0.0000	0.0000	0.0000	0	-1	false	0.0000	0.0000	false	0				false	true	true	0.0000			false	0.0000	0.0000	false	0.0000
jar_adjustable_missiles__ability_phase__acc__-62	0.0000	negative		false	false	0.0000	0.0000	0.0000	0.0000	0	-1	false	0.0000	0.0000	false	0				false	true	true	0.0000			false	0.0000	0.0000	false	0.0000
jar_adjustable_missiles__ability_phase__acc__-61	0.0000	negative		false	false	0.0000	0.0000	0.0000	0.0000	0	-1	false	0.0000	0.0000	false	0				false	true	true	0.0000			false	0.0000	0.0000	false	0.0000
jar_adjustable_missiles__ability_phase__acc__-60	0.0000	negative		false	false	0.0000	0.0000	0.0000	0.0000	0	-1	false	0.0000	0.0000	false	0				false	true	true	0.0000			false	0.0000	0.0000	false	0.0000
jar_adjustable_missiles__ability_phase__acc__-59	0.0000	negative		false	false	0.0000	0.0000	0.0000	0.0000	0	-1	false	0.0000	0.0000	false	0				false	true	true	0.0000			false	0.0000	0.0000	false	0.0000
jar_adjustable_missiles__ability_phase__acc__-58	0.0000	negative		false	false	0.0000	0.0000	0.0000	0.0000	0	-1	false	0.0000	0.0000	false	0				false	true	true	0.0000			false	0.0000	0.0000	false	0.0000
jar_adjustable_missiles__ability_phase__acc__-57	0.0000	negative		false	false	0.0000	0.0000	0.0000	0.0000	0	-1	false	0.0000	0.0000	false	0				false	true	true	0.0000			false	0.0000	0.0000	false	0.0000
jar_adjustable_missiles__ability_phase__acc__-56	0.0000	negative		false	false	0.0000	0.0000	0.0000	0.0000	0	-1	false	0.0000	0.0000	false	0				false	true	true	0.0000			false	0.0000	0.0000	false	0.0000
jar_adjustable_missiles__ability_phase__acc__-55	0.0000	negative		false	false	0.0000	0.0000	0.0000	0.0000	0	-1	false	0.0000	0.0000	false	0				false	true	true	0.0000			false	0.0000	0.0000	false	0.0000
jar_adjustable_missiles__ability_phase__acc__-54	0.0000	negative		false	false	0.0000	0.0000	0.0000	0.0000	0	-1	false	0.0000	0.0000	false	0				false	true	true	0.0000			false	0.0000	0.0000	false	0.0000
jar_adjustable_missiles__ability_phase__acc__-53	0.0000	negative		false	false	0.0000	0.0000	0.0000	0.0000	0	-1	false	0.0000	0.0000	false	0				false	true	true	0.0000			false	0.0000	0.0000	false	0.0000
jar_adjustable_missiles__ability_phase__acc__-52	0.0000	negative		false	false	0.0000	0.0000	0.0000	0.0000	0	-1	false	0.0000	0.0000	false	0				false	true	true	0.0000			false	0.0000	0.0000	false	0.0000
jar_adjustable_missiles__ability_phase__acc__-51	0.0000	negative		false	false	0.0000	0.0000	0.0000	0.0000	0	-1	false	0.0000	0.0000	false	0				false	true	true	0.0000			false	0.0000	0.0000	false	0.0000
jar_adjustable_missiles__ability_phase__acc__-50	0.0000	negative		false	false	0.0000	0.0000	0.0000	0.0000	0	-1	false	0.0000	0.0000	false	0				false	true	true	0.0000			false	0.0000	0.0000	false	0.0000
jar_adjustable_missiles__ability_phase__acc__-49	0.0000	negative		false	false	0.0000	0.0000	0.0000	0.0000	0	-1	false	0.0000	0.0000	false	0				false	true	true	0.0000			false	0.0000	0.0000	false	0.0000
jar_adjustable_missiles__ability_phase__acc__-48	0.0000	negative		false	false	0.0000	0.0000	0.0000	0.0000	0	-1	false	0.0000	0.0000	false	0				false	true	true	0.0000			false	0.0000	0.0000	false	0.0000
jar_adjustable_missiles__ability_phase__acc__-47	0.0000	negative		false	false	0.0000	0.0000	0.0000	0.0000	0	-1	false	0.0000	0.0000	false	0				false	true	true	0.0000			false	0.0000	0.0000	false	0.0000
jar_adjustable_missiles__ability_phase__acc__-46	0.0000	negative		false	false	0.0000	0.0000	0.0000	0.0000	0	-1	false	0.0000	0.0000	false	0				false	true	true	0.0000			false	0.0000	0.0000	false	0.0000
jar_adjustable_missiles__ability_phase__acc__-45	0.0000	negative		false	false	0.0000	0.0000	0.0000	0.0000	0	-1	false	0.0000	0.0000	false	0				false	true	true	0.0000			false	0.0000	0.0000	false	0.0000
jar_adjustable_missiles__ability_phase__acc__-44	0.0000	negative		false	false	0.0000	0.0000	0.0000	0.0000	0	-1	false	0.0000	0.0000	false	0				false	true	true	0.0000			false	0.0000	0.0000	false	0.0000
jar_adjustable_missiles__ability_phase__acc__-43	0.0000	negative		false	false	0.0000	0.0000	0.0000	0.0000	0	-1	false	0.0000	0.0000	false	0				false	true	true	0.0000			false	0.0000	0.0000	false	0.0000
jar_adjustable_missiles__ability_phase__acc__-42	0.0000	negative		false	false	0.0000	0.0000	0.0000	0.0000	0	-1	false	0.0000	0.0000	false	0				false	true	true	0.0000			false	0.0000	0.0000	false	0.0000
jar_adjustable_missiles__ability_phase__acc__-41	0.0000	negative		false	false	0.0000	0.0000	0.0000	0.0000	0	-1	false	0.0000	0.0000	false	0				false	true	true	0.0000			false	0.0000	0.0000	false	0.0000
jar_adjustable_missiles__ability_phase__acc__-40	0.0000	negative		false	false	0.0000	0.0000	0.0000	0.0000	0	-1	false	0.0000	0.0000	false	0				false	true	true	0.0000			false	0.0000	0.0000	false	0.0000
jar_adjustable_missiles__ability_phase__acc__-39	0.0000	negative		false	false	0.0000	0.0000	0.0000	0.0000	0	-1	false	0.0000	0.0000	false	0				false	true	true	0.0000			false	0.0000	0.0000	false	0.0000
jar_adjustable_missiles__ability_phase__acc__-38	0.0000	negative		false	false	0.0000	0.0000	0.0000	0.0000	0	-1	false	0.0000	0.0000	false	0				false	true	true	0.0000			false	0.0000	0.0000	false	0.0000
jar_adjustable_missiles__ability_phase__acc__-37	0.0000	negative		false	false	0.0000	0.0000	0.0000	0.0000	0	-1	false	0.0000	0.0000	false	0				false	true	true	0.0000			false	0.0000	0.0000	false	0.0000
jar_adjustable_missiles__ability_phase__acc__-36	0.0000	negative		false	false	0.0000	0.0000	0.0000	0.0000	0	-1	false	0.0000	0.0000	false	0				false	true	true	0.0000			false	0.0000	0.0000	false	0.0000
jar_adjustable_missiles__ability_phase__acc__-35	0.0000	negative		false	false	0.0000	0.0000	0.0000	0.0000	0	-1	false	0.0000	0.0000	false	0				false	true	true	0.0000			false	0.0000	0.0000	false	0.0000
jar_adjustable_missiles__ability_phase__acc__-34	0.0000	negative		false	false	0.0000	0.0000	0.0000	0.0000	0	-1	false	0.0000	0.0000	false	0				false	true	true	0.0000			false	0.0000	0.0000	false	0.0000
jar_adjustable_missiles__ability_phase__acc__-33	0.0000	negative		false	false	0.0000	0.0000	0.0000	0.0000	0	-1	false	0.0000	0.0000	false	0				false	true	true	0.0000			false	0.0000	0.0000	false	0.0000
jar_adjustable_missiles__ability_phase__acc__-32	0.0000	negative		false	false	0.0000	0.0000	0.0000	0.0000	0	-1	false	0.0000	0.0000	false	0				false	true	true	0.0000			false	0.0000	0.0000	false	0.0000
jar_adjustable_missiles__ability_phase__acc__-31	0.0000	negative		false	false	0.0000	0.0000	0.0000	0.0000	0	-1	false	0.0000	0.0000	false	0				false	true	true	0.0000			false	0.0000	0.0000	false	0.0000
jar_adjustable_missiles__ability_phase__acc__-30	0.0000	negative		false	false	0.0000	0.0000	0.0000	0.0000	0	-1	false	0.0000	0.0000	false	0				false	true	true	0.0000			false	0.0000	0.0000	false	0.0000
jar_adjustable_missiles__ability_phase__acc__-29	0.0000	negative		false	false	0.0000	0.0000	0.0000	0.0000	0	-1	false	0.0000	0.0000	false	0				false	true	true	0.0000			false	0.0000	0.0000	false	0.0000
jar_adjustable_missiles__ability_phase__acc__-28	0.0000	negative		false	false	0.0000	0.0000	0.0000	0.0000	0	-1	false	0.0000	0.0000	false	0				false	true	true	0.0000			false	0.0000	0.0000	false	0.0000
jar_adjustable_missiles__ability_phase__acc__-27	0.0000	negative		false	false	0.0000	0.0000	0.0000	0.0000	0	-1	false	0.0000	0.0000	false	0				false	true	true	0.0000			false	0.0000	0.0000	false	0.0000
jar_adjustable_missiles__ability_phase__acc__-26	0.0000	negative		false	false	0.0000	0.0000	0.0000	0.0000	0	-1	false	0.0000	0.0000	false	0				false	true	true	0.0000			false	0.0000	0.0000	false	0.0000
jar_adjustable_missiles__ability_phase__acc__-25	0.0000	negative		false	false	0.0000	0.0000	0.0000	0.0000	0	-1	false	0.0000	0.0000	false	0				false	true	true	0.0000			false	0.0000	0.0000	false	0.0000
jar_adjustable_missiles__ability_phase__acc__-24	0.0000	negative		false	false	0.0000	0.0000	0.0000	0.0000	0	-1	false	0.0000	0.0000	false	0				false	true	true	0.0000			false	0.0000	0.0000	false	0.0000
jar_adjustable_missiles__ability_phase__acc__-23	0.0000	negative		false	false	0.0000	0.0000	0.0000	0.0000	0	-1	false	0.0000	0.0000	false	0				false	true	true	0.0000			false	0.0000	0.0000	false	0.0000
jar_adjustable_missiles__ability_phase__acc__-22	0.0000	negative		false	false	0.0000	0.0000	0.0000	0.0000	0	-1	false	0.0000	0.0000	false	0				false	true	true	0.0000			false	0.0000	0.0000	false	0.0000
jar_adjustable_missiles__ability_phase__acc__-21	0.0000	negative		false	false	0.0000	0.0000	0.0000	0.0000	0	-1	false	0.0000	0.0000	false	0				false	true	true	0.0000			false	0.0000	0.0000	false	0.0000
jar_adjustable_missiles__ability_phase__acc__-20	0.0000	negative		false	false	0.0000	0.0000	0.0000	0.0000	0	-1	false	0.0000	0.0000	false	0				false	true	true	0.0000			false	0.0000	0.0000	false	0.0000
jar_adjustable_missiles__ability_phase__acc__-19	0.0000	negative		false	false	0.0000	0.0000	0.0000	0.0000	0	-1	false	0.0000	0.0000	false	0				false	true	true	0.0000			false	0.0000	0.0000	false	0.0000
jar_adjustable_missiles__ability_phase__acc__-18	0.0000	negative		false	false	0.0000	0.0000	0.0000	0.0000	0	-1	false	0.0000	0.0000	false	0				false	true	true	0.0000			false	0.0000	0.0000	false	0.0000
jar_adjustable_missiles__ability_phase__acc__-17	0.0000	negative		false	false	0.0000	0.0000	0.0000	0.0000	0	-1	false	0.0000	0.0000	false	0				false	true	true	0.0000			false	0.0000	0.0000	false	0.0000
jar_adjustable_missiles__ability_phase__acc__-16	0.0000	negative		false	false	0.0000	0.0000	0.0000	0.0000	0	-1	false	0.0000	0.0000	false	0				false	true	true	0.0000			false	0.0000	0.0000	false	0.0000
jar_adjustable_missiles__ability_phase__acc__-15	0.0000	negative		false	false	0.0000	0.0000	0.0000	0.0000	0	-1	false	0.0000	0.0000	false	0				false	true	true	0.0000			false	0.0000	0.0000	false	0.0000
jar_adjustable_missiles__ability_phase__acc__-14	0.0000	negative		false	false	0.0000	0.0000	0.0000	0.0000	0	-1	false	0.0000	0.0000	false	0				false	true	true	0.0000			false	0.0000	0.0000	false	0.0000
jar_adjustable_missiles__ability_phase__acc__-13	0.0000	negative		false	false	0.0000	0.0000	0.0000	0.0000	0	-1	false	0.0000	0.0000	false	0				false	true	true	0.0000			false	0.0000	0.0000	false	0.0000
jar_adjustable_missiles__ability_phase__acc__-12	0.0000	negative		false	false	0.0000	0.0000	0.0000	0.0000	0	-1	false	0.0000	0.0000	false	0				false	true	true	0.0000			false	0.0000	0.0000	false	0.0000
jar_adjustable_missiles__ability_phase__acc__-11	0.0000	negative		false	false	0.0000	0.0000	0.0000	0.0000	0	-1	false	0.0000	0.0000	false	0				false	true	true	0.0000			false	0.0000	0.0000	false	0.0000
jar_adjustable_missiles__ability_phase__acc__-10	0.0000	negative		false	false	0.0000	0.0000	0.0000	0.0000	0	-1	false	0.0000	0.0000	false	0				false	true	true	0.0000			false	0.0000	0.0000	false	0.0000
jar_adjustable_missiles__ability_phase__acc__-9	0.0000	negative		false	false	0.0000	0.0000	0.0000	0.0000	0	-1	false	0.0000	0.0000	false	0				false	true	true	0.0000			false	0.0000	0.0000	false	0.0000
jar_adjustable_missiles__ability_phase__acc__-8	0.0000	negative		false	false	0.0000	0.0000	0.0000	0.0000	0	-1	false	0.0000	0.0000	false	0				false	true	true	0.0000			false	0.0000	0.0000	false	0.0000
jar_adjustable_missiles__ability_phase__acc__-7	0.0000	negative		false	false	0.0000	0.0000	0.0000	0.0000	0	-1	false	0.0000	0.0000	false	0				false	true	true	0.0000			false	0.0000	0.0000	false	0.0000
jar_adjustable_missiles__ability_phase__acc__-6	0.0000	negative		false	false	0.0000	0.0000	0.0000	0.0000	0	-1	false	0.0000	0.0000	false	0				false	true	true	0.0000			false	0.0000	0.0000	false	0.0000
jar_adjustable_missiles__ability_phase__acc__-5	0.0000	negative		false	false	0.0000	0.0000	0.0000	0.0000	0	-1	false	0.0000	0.0000	false	0				false	true	true	0.0000			false	0.0000	0.0000	false	0.0000
jar_adjustable_missiles__ability_phase__acc__-4	0.0000	negative		false	false	0.0000	0.0000	0.0000	0.0000	0	-1	false	0.0000	0.0000	false	0				false	true	true	0.0000			false	0.0000	0.0000	false	0.0000
jar_adjustable_missiles__ability_phase__acc__-3	0.0000	negative		false	false	0.0000	0.0000	0.0000	0.0000	0	-1	false	0.0000	0.0000	false	0				false	true	true	0.0000			false	0.0000	0.0000	false	0.0000
jar_adjustable_missiles__ability_phase__acc__-2	0.0000	negative		false	false	0.0000	0.0000	0.0000	0.0000	0	-1	false	0.0000	0.0000	false	0				false	true	true	0.0000			false	0.0000	0.0000	false	0.0000
jar_adjustable_missiles__ability_phase__acc__-1	0.0000	negative		false	false	0.0000	0.0000	0.0000	0.0000	0	-1	false	0.0000	0.0000	false	0				false	true	true	0.0000			false	0.0000	0.0000	false	0.0000
jar_adjustable_missiles__ability_phase__acc__0	0.0000	negative		false	false	0.0000	0.0000	0.0000	0.0000	0	-1	false	0.0000	0.0000	false	0				false	true	true	0.0000			false	0.0000	0.0000	false	0.0000
jar_adjustable_missiles__ability_phase__acc__+1	0.0000	negative		false	false	0.0000	0.0000	0.0000	0.0000	0	-1	false	0.0000	0.0000	false	0				false	true	true	0.0000			false	0.0000	0.0000	false	0.0000
jar_adjustable_missiles__ability_phase__acc__+2	0.0000	negative		false	false	0.0000	0.0000	0.0000	0.0000	0	-1	false	0.0000	0.0000	false	0				false	true	true	0.0000			false	0.0000	0.0000	false	0.0000
jar_adjustable_missiles__ability_phase__acc__+3	0.0000	negative		false	false	0.0000	0.0000	0.0000	0.0000	0	-1	false	0.0000	0.0000	false	0				false	true	true	0.0000			false	0.0000	0.0000	false	0.0000
jar_adjustable_missiles__ability_phase__acc__+4	0.0000	negative		false	false	0.0000	0.0000	0.0000	0.0000	0	-1	false	0.0000	0.0000	false	0				false	true	true	0.0000			false	0.0000	0.0000	false	0.0000
jar_adjustable_missiles__ability_phase__acc__+5	0.0000	negative		false	false	0.0000	0.0000	0.0000	0.0000	0	-1	false	0.0000	0.0000	false	0				false	true	true	0.0000			false	0.0000	0.0000	false	0.0000
jar_adjustable_missiles__ability_phase__acc__+6	0.0000	negative		false	false	0.0000	0.0000	0.0000	0.0000	0	-1	false	0.0000	0.0000	false	0				false	true	true	0.0000			false	0.0000	0.0000	false	0.0000
jar_adjustable_missiles__ability_phase__acc__+7	0.0000	negative		false	false	0.0000	0.0000	0.0000	0.0000	0	-1	false	0.0000	0.0000	false	0				false	true	true	0.0000			false	0.0000	0.0000	false	0.0000
jar_adjustable_missiles__ability_phase__acc__+8	0.0000	negative		false	false	0.0000	0.0000	0.0000	0.0000	0	-1	false	0.0000	0.0000	false	0				false	true	true	0.0000			false	0.0000	0.0000	false	0.0000
jar_adjustable_missiles__ability_phase__acc__+9	0.0000	negative		false	false	0.0000	0.0000	0.0000	0.0000	0	-1	false	0.0000	0.0000	false	0				false	true	true	0.0000			false	0.0000	0.0000	false	0.0000
jar_adjustable_missiles__ability_phase__acc__+10	0.0000	negative		false	false	0.0000	0.0000	0.0000	0.0000	0	-1	false	0.0000	0.0000	false	0				false	true	true	0.0000			false	0.0000	0.0000	false	0.0000
jar_adjustable_missiles__ability_phase__acc__+11	0.0000	negative		false	false	0.0000	0.0000	0.0000	0.0000	0	-1	false	0.0000	0.0000	false	0				false	true	true	0.0000			false	0.0000	0.0000	false	0.0000
jar_adjustable_missiles__ability_phase__acc__+12	0.0000	negative		false	false	0.0000	0.0000	0.0000	0.0000	0	-1	false	0.0000	0.0000	false	0				false	true	true	0.0000			false	0.0000	0.0000	false	0.0000
jar_adjustable_missiles__ability_phase__acc__+13	0.0000	negative		false	false	0.0000	0.0000	0.0000	0.0000	0	-1	false	0.0000	0.0000	false	0				false	true	true	0.0000			false	0.0000	0.0000	false	0.0000
jar_adjustable_missiles__ability_phase__acc__+14	0.0000	negative		false	false	0.0000	0.0000	0.0000	0.0000	0	-1	false	0.0000	0.0000	false	0				false	true	true	0.0000			false	0.0000	0.0000	false	0.0000
jar_adjustable_missiles__ability_phase__acc__+15	0.0000	negative		false	false	0.0000	0.0000	0.0000	0.0000	0	-1	false	0.0000	0.0000	false	0				false	true	true	0.0000			false	0.0000	0.0000	false	0.0000
jar_adjustable_missiles__ability_phase__acc__+16	0.0000	negative		false	false	0.0000	0.0000	0.0000	0.0000	0	-1	false	0.0000	0.0000	false	0				false	true	true	0.0000			false	0.0000	0.0000	false	0.0000
jar_adjustable_missiles__ability_phase__acc__+17	0.0000	negative		false	false	0.0000	0.0000	0.0000	0.0000	0	-1	false	0.0000	0.0000	false	0				false	true	true	0.0000			false	0.0000	0.0000	false	0.0000
jar_adjustable_missiles__ability_phase__acc__+18	0.0000	negative		false	false	0.0000	0.0000	0.0000	0.0000	0	-1	false	0.0000	0.0000	false	0				false	true	true	0.0000			false	0.0000	0.0000	false	0.0000
jar_adjustable_missiles__ability_phase__acc__+19	0.0000	negative		false	false	0.0000	0.0000	0.0000	0.0000	0	-1	false	0.0000	0.0000	false	0				false	true	true	0.0000			false	0.0000	0.0000	false	0.0000
jar_adjustable_missiles__ability_phase__acc__+20	0.0000	negative		false	false	0.0000	0.0000	0.0000	0.0000	0	-1	false	0.0000	0.0000	false	0				false	true	true	0.0000			false	0.0000	0.0000	false	0.0000
jar_adjustable_missiles__ability_phase__acc__+21	0.0000	negative		false	false	0.0000	0.0000	0.0000	0.0000	0	-1	false	0.0000	0.0000	false	0				false	true	true	0.0000			false	0.0000	0.0000	false	0.0000
jar_adjustable_missiles__ability_phase__acc__+22	0.0000	negative		false	false	0.0000	0.0000	0.0000	0.0000	0	-1	false	0.0000	0.0000	false	0				false	true	true	0.0000			false	0.0000	0.0000	false	0.0000
jar_adjustable_missiles__ability_phase__acc__+23	0.0000	negative		false	false	0.0000	0.0000	0.0000	0.0000	0	-1	false	0.0000	0.0000	false	0				false	true	true	0.0000			false	0.0000	0.0000	false	0.0000
jar_adjustable_missiles__ability_phase__acc__+24	0.0000	negative		false	false	0.0000	0.0000	0.0000	0.0000	0	-1	false	0.0000	0.0000	false	0				false	true	true	0.0000			false	0.0000	0.0000	false	0.0000
jar_adjustable_missiles__ability_phase__acc__+25	0.0000	negative		false	false	0.0000	0.0000	0.0000	0.0000	0	-1	false	0.0000	0.0000	false	0				false	true	true	0.0000			false	0.0000	0.0000	false	0.0000
jar_adjustable_missiles__ability_phase__acc__+26	0.0000	negative		false	false	0.0000	0.0000	0.0000	0.0000	0	-1	false	0.0000	0.0000	false	0				false	true	true	0.0000			false	0.0000	0.0000	false	0.0000
jar_adjustable_missiles__ability_phase__acc__+27	0.0000	negative		false	false	0.0000	0.0000	0.0000	0.0000	0	-1	false	0.0000	0.0000	false	0				false	true	true	0.0000			false	0.0000	0.0000	false	0.0000
jar_adjustable_missiles__ability_phase__acc__+28	0.0000	negative		false	false	0.0000	0.0000	0.0000	0.0000	0	-1	false	0.0000	0.0000	false	0				false	true	true	0.0000			false	0.0000	0.0000	false	0.0000
jar_adjustable_missiles__ability_phase__acc__+29	0.0000	negative		false	false	0.0000	0.0000	0.0000	0.0000	0	-1	false	0.0000	0.0000	false	0				false	true	true	0.0000			false	0.0000	0.0000	false	0.0000
jar_adjustable_missiles__ability_phase__acc__+30	0.0000	negative		false	false	0.0000	0.0000	0.0000	0.0000	0	-1	false	0.0000	0.0000	false	0				false	true	true	0.0000			false	0.0000	0.0000	false	0.0000
jar_adjustable_missiles__ability_phase__acc__+31	0.0000	negative		false	false	0.0000	0.0000	0.0000	0.0000	0	-1	false	0.0000	0.0000	false	0				false	true	true	0.0000			false	0.0000	0.0000	false	0.0000
jar_adjustable_missiles__ability_phase__acc__+32	0.0000	negative		false	false	0.0000	0.0000	0.0000	0.0000	0	-1	false	0.0000	0.0000	false	0				false	true	true	0.0000			false	0.0000	0.0000	false	0.0000
jar_adjustable_missiles__ability_phase__acc__+33	0.0000	negative		false	false	0.0000	0.0000	0.0000	0.0000	0	-1	false	0.0000	0.0000	false	0				false	true	true	0.0000			false	0.0000	0.0000	false	0.0000
jar_adjustable_missiles__ability_phase__acc__+34	0.0000	negative		false	false	0.0000	0.0000	0.0000	0.0000	0	-1	false	0.0000	0.0000	false	0				false	true	true	0.0000			false	0.0000	0.0000	false	0.0000
jar_adjustable_missiles__ability_phase__acc__+35	0.0000	negative		false	false	0.0000	0.0000	0.0000	0.0000	0	-1	false	0.0000	0.0000	false	0				false	true	true	0.0000			false	0.0000	0.0000	false	0.0000
jar_adjustable_missiles__ability_phase__acc__+36	0.0000	negative		false	false	0.0000	0.0000	0.0000	0.0000	0	-1	false	0.0000	0.0000	false	0				false	true	true	0.0000			false	0.0000	0.0000	false	0.0000
jar_adjustable_missiles__ability_phase__acc__+37	0.0000	negative		false	false	0.0000	0.0000	0.0000	0.0000	0	-1	false	0.0000	0.0000	false	0				false	true	true	0.0000			false	0.0000	0.0000	false	0.0000
jar_adjustable_missiles__ability_phase__acc__+38	0.0000	negative		false	false	0.0000	0.0000	0.0000	0.0000	0	-1	false	0.0000	0.0000	false	0				false	true	true	0.0000			false	0.0000	0.0000	false	0.0000
jar_adjustable_missiles__ability_phase__acc__+39	0.0000	negative		false	false	0.0000	0.0000	0.0000	0.0000	0	-1	false	0.0000	0.0000	false	0				false	true	true	0.0000			false	0.0000	0.0000	false	0.0000
jar_adjustable_missiles__ability_phase__acc__+40	0.0000	negative		false	false	0.0000	0.0000	0.0000	0.0000	0	-1	false	0.0000	0.0000	false	0				false	true	true	0.0000			false	0.0000	0.0000	false	0.0000
jar_adjustable_missiles__ability_phase__acc__+41	0.0000	negative		false	false	0.0000	0.0000	0.0000	0.0000	0	-1	false	0.0000	0.0000	false	0				false	true	true	0.0000			false	0.0000	0.0000	false	0.0000
jar_adjustable_missiles__ability_phase__acc__+42	0.0000	negative		false	false	0.0000	0.0000	0.0000	0.0000	0	-1	false	0.0000	0.0000	false	0				false	true	true	0.0000			false	0.0000	0.0000	false	0.0000
jar_adjustable_missiles__ability_phase__acc__+43	0.0000	negative		false	false	0.0000	0.0000	0.0000	0.0000	0	-1	false	0.0000	0.0000	false	0				false	true	true	0.0000			false	0.0000	0.0000	false	0.0000
jar_adjustable_missiles__ability_phase__acc__+44	0.0000	negative		false	false	0.0000	0.0000	0.0000	0.0000	0	-1	false	0.0000	0.0000	false	0				false	true	true	0.0000			false	0.0000	0.0000	false	0.0000
jar_adjustable_missiles__ability_phase__acc__+45	0.0000	negative		false	false	0.0000	0.0000	0.0000	0.0000	0	-1	false	0.0000	0.0000	false	0				false	true	true	0.0000			false	0.0000	0.0000	false	0.0000
jar_adjustable_missiles__ability_phase__acc__+46	0.0000	negative		false	false	0.0000	0.0000	0.0000	0.0000	0	-1	false	0.0000	0.0000	false	0				false	true	true	0.0000			false	0.0000	0.0000	false	0.0000
jar_adjustable_missiles__ability_phase__acc__+47	0.0000	negative		false	false	0.0000	0.0000	0.0000	0.0000	0	-1	false	0.0000	0.0000	false	0				false	true	true	0.0000			false	0.0000	0.0000	false	0.0000
jar_adjustable_missiles__ability_phase__acc__+48	0.0000	negative		false	false	0.0000	0.0000	0.0000	0.0000	0	-1	false	0.0000	0.0000	false	0				false	true	true	0.0000			false	0.0000	0.0000	false	0.0000
jar_adjustable_missiles__ability_phase__acc__+49	0.0000	negative		false	false	0.0000	0.0000	0.0000	0.0000	0	-1	false	0.0000	0.0000	false	0				false	true	true	0.0000			false	0.0000	0.0000	false	0.0000
jar_adjustable_missiles__ability_phase__acc__+50	0.0000	negative		false	false	0.0000	0.0000	0.0000	0.0000	0	-1	false	0.0000	0.0000	false	0				false	true	true	0.0000			false	0.0000	0.0000	false	0.0000
jar_adjustable_missiles__ability_phase__acc__+51	0.0000	negative		false	false	0.0000	0.0000	0.0000	0.0000	0	-1	false	0.0000	0.0000	false	0				false	true	true	0.0000			false	0.0000	0.0000	false	0.0000
jar_adjustable_missiles__ability_phase__acc__+52	0.0000	negative		false	false	0.0000	0.0000	0.0000	0.0000	0	-1	false	0.0000	0.0000	false	0				false	true	true	0.0000			false	0.0000	0.0000	false	0.0000
jar_adjustable_missiles__ability_phase__acc__+53	0.0000	negative		false	false	0.0000	0.0000	0.0000	0.0000	0	-1	false	0.0000	0.0000	false	0				false	true	true	0.0000			false	0.0000	0.0000	false	0.0000
jar_adjustable_missiles__ability_phase__acc__+54	0.0000	negative		false	false	0.0000	0.0000	0.0000	0.0000	0	-1	false	0.0000	0.0000	false	0				false	true	true	0.0000			false	0.0000	0.0000	false	0.0000
jar_adjustable_missiles__ability_phase__acc__+55	0.0000	negative		false	false	0.0000	0.0000	0.0000	0.0000	0	-1	false	0.0000	0.0000	false	0				false	true	true	0.0000			false	0.0000	0.0000	false	0.0000
jar_adjustable_missiles__ability_phase__acc__+56	0.0000	negative		false	false	0.0000	0.0000	0.0000	0.0000	0	-1	false	0.0000	0.0000	false	0				false	true	true	0.0000			false	0.0000	0.0000	false	0.0000
jar_adjustable_missiles__ability_phase__acc__+57	0.0000	negative		false	false	0.0000	0.0000	0.0000	0.0000	0	-1	false	0.0000	0.0000	false	0				false	true	true	0.0000			false	0.0000	0.0000	false	0.0000
jar_adjustable_missiles__ability_phase__acc__+58	0.0000	negative		false	false	0.0000	0.0000	0.0000	0.0000	0	-1	false	0.0000	0.0000	false	0				false	true	true	0.0000			false	0.0000	0.0000	false	0.0000
jar_adjustable_missiles__ability_phase__acc__+59	0.0000	negative		false	false	0.0000	0.0000	0.0000	0.0000	0	-1	false	0.0000	0.0000	false	0				false	true	true	0.0000			false	0.0000	0.0000	false	0.0000
jar_adjustable_missiles__ability_phase__acc__+60	0.0000	negative		false	false	0.0000	0.0000	0.0000	0.0000	0	-1	false	0.0000	0.0000	false	0				false	true	true	0.0000			false	0.0000	0.0000	false	0.0000
jar_adjustable_missiles__ability_phase__acc__+61	0.0000	negative		false	false	0.0000	0.0000	0.0000	0.0000	0	-1	false	0.0000	0.0000	false	0				false	true	true	0.0000			false	0.0000	0.0000	false	0.0000
jar_adjustable_missiles__ability_phase__acc__+62	0.0000	negative		false	false	0.0000	0.0000	0.0000	0.0000	0	-1	false	0.0000	0.0000	false	0				false	true	true	0.0000			false	0.0000	0.0000	false	0.0000
jar_adjustable_missiles__ability_phase__acc__+63	0.0000	negative		false	false	0.0000	0.0000	0.0000	0.0000	0	-1	false	0.0000	0.0000	false	0				false	true	true	0.0000			false	0.0000	0.0000	false	0.0000
jar_adjustable_missiles__ability_phase__acc__+64	0.0000	negative		false	false	0.0000	0.0000	0.0000	0.0000	0	-1	false	0.0000	0.0000	false	0				false	true	true	0.0000			false	0.0000	0.0000	false	0.0000
jar_adjustable_missiles__ability_phase__acc__+65	0.0000	negative		false	false	0.0000	0.0000	0.0000	0.0000	0	-1	false	0.0000	0.0000	false	0				false	true	true	0.0000			false	0.0000	0.0000	false	0.0000
jar_adjustable_missiles__ability_phase__acc__+66	0.0000	negative		false	false	0.0000	0.0000	0.0000	0.0000	0	-1	false	0.0000	0.0000	false	0				false	true	true	0.0000			false	0.0000	0.0000	false	0.0000
jar_adjustable_missiles__ability_phase__acc__+67	0.0000	negative		false	false	0.0000	0.0000	0.0000	0.0000	0	-1	false	0.0000	0.0000	false	0				false	true	true	0.0000			false	0.0000	0.0000	false	0.0000
jar_adjustable_missiles__ability_phase__acc__+68	0.0000	negative		false	false	0.0000	0.0000	0.0000	0.0000	0	-1	false	0.0000	0.0000	false	0				false	true	true	0.0000			false	0.0000	0.0000	false	0.0000
jar_adjustable_missiles__ability_phase__acc__+69	0.0000	negative		false	false	0.0000	0.0000	0.0000	0.0000	0	-1	false	0.0000	0.0000	false	0				false	true	true	0.0000			false	0.0000	0.0000	false	0.0000
jar_adjustable_missiles__ability_phase__acc__+70	0.0000	negative		false	false	0.0000	0.0000	0.0000	0.0000	0	-1	false	0.0000	0.0000	false	0				false	true	true	0.0000			false	0.0000	0.0000	false	0.0000
jar_adjustable_missiles__ability_phase__acc__+71	0.0000	negative		false	false	0.0000	0.0000	0.0000	0.0000	0	-1	false	0.0000	0.0000	false	0				false	true	true	0.0000			false	0.0000	0.0000	false	0.0000
jar_adjustable_missiles__ability_phase__acc__+72	0.0000	negative		false	false	0.0000	0.0000	0.0000	0.0000	0	-1	false	0.0000	0.0000	false	0				false	true	true	0.0000			false	0.0000	0.0000	false	0.0000
jar_adjustable_missiles__ability_phase__acc__+73	0.0000	negative		false	false	0.0000	0.0000	0.0000	0.0000	0	-1	false	0.0000	0.0000	false	0				false	true	true	0.0000			false	0.0000	0.0000	false	0.0000
jar_adjustable_missiles__ability_phase__acc__+74	0.0000	negative		false	false	0.0000	0.0000	0.0000	0.0000	0	-1	false	0.0000	0.0000	false	0				false	true	true	0.0000			false	0.0000	0.0000	false	0.0000
jar_adjustable_missiles__ability_phase__acc__+75	0.0000	negative		false	false	0.0000	0.0000	0.0000	0.0000	0	-1	false	0.0000	0.0000	false	0				false	true	true	0.0000			false	0.0000	0.0000	false	0.0000
jar_adjustable_missiles__ability_phase__acc__+76	0.0000	negative		false	false	0.0000	0.0000	0.0000	0.0000	0	-1	false	0.0000	0.0000	false	0				false	true	true	0.0000			false	0.0000	0.0000	false	0.0000
jar_adjustable_missiles__ability_phase__acc__+77	0.0000	negative		false	false	0.0000	0.0000	0.0000	0.0000	0	-1	false	0.0000	0.0000	false	0				false	true	true	0.0000			false	0.0000	0.0000	false	0.0000
jar_adjustable_missiles__ability_phase__acc__+78	0.0000	negative		false	false	0.0000	0.0000	0.0000	0.0000	0	-1	false	0.0000	0.0000	false	0				false	true	true	0.0000			false	0.0000	0.0000	false	0.0000
jar_adjustable_missiles__ability_phase__acc__+79	0.0000	negative		false	false	0.0000	0.0000	0.0000	0.0000	0	-1	false	0.0000	0.0000	false	0				false	true	true	0.0000			false	0.0000	0.0000	false	0.0000
jar_adjustable_missiles__ability_phase__acc__+80	0.0000	negative		false	false	0.0000	0.0000	0.0000	0.0000	0	-1	false	0.0000	0.0000	false	0				false	true	true	0.0000			false	0.0000	0.0000	false	0.0000
jar_adjustable_missiles__ability_phase__acc__+81	0.0000	negative		false	false	0.0000	0.0000	0.0000	0.0000	0	-1	false	0.0000	0.0000	false	0				false	true	true	0.0000			false	0.0000	0.0000	false	0.0000
jar_adjustable_missiles__ability_phase__acc__+82	0.0000	negative		false	false	0.0000	0.0000	0.0000	0.0000	0	-1	false	0.0000	0.0000	false	0				false	true	true	0.0000			false	0.0000	0.0000	false	0.0000
jar_adjustable_missiles__ability_phase__acc__+83	0.0000	negative		false	false	0.0000	0.0000	0.0000	0.0000	0	-1	false	0.0000	0.0000	false	0				false	true	true	0.0000			false	0.0000	0.0000	false	0.0000
jar_adjustable_missiles__ability_phase__acc__+84	0.0000	negative		false	false	0.0000	0.0000	0.0000	0.0000	0	-1	false	0.0000	0.0000	false	0				false	true	true	0.0000			false	0.0000	0.0000	false	0.0000
jar_adjustable_missiles__ability_phase__acc__+85	0.0000	negative		false	false	0.0000	0.0000	0.0000	0.0000	0	-1	false	0.0000	0.0000	false	0				false	true	true	0.0000			false	0.0000	0.0000	false	0.0000
jar_adjustable_missiles__ability_phase__acc__+86	0.0000	negative		false	false	0.0000	0.0000	0.0000	0.0000	0	-1	false	0.0000	0.0000	false	0				false	true	true	0.0000			false	0.0000	0.0000	false	0.0000
jar_adjustable_missiles__ability_phase__acc__+87	0.0000	negative		false	false	0.0000	0.0000	0.0000	0.0000	0	-1	false	0.0000	0.0000	false	0				false	true	true	0.0000			false	0.0000	0.0000	false	0.0000
jar_adjustable_missiles__ability_phase__acc__+88	0.0000	negative		false	false	0.0000	0.0000	0.0000	0.0000	0	-1	false	0.0000	0.0000	false	0				false	true	true	0.0000			false	0.0000	0.0000	false	0.0000
jar_adjustable_missiles__ability_phase__acc__+89	0.0000	negative		false	false	0.0000	0.0000	0.0000	0.0000	0	-1	false	0.0000	0.0000	false	0				false	true	true	0.0000			false	0.0000	0.0000	false	0.0000
jar_adjustable_missiles__ability_phase__acc__+90	0.0000	negative		false	false	0.0000	0.0000	0.0000	0.0000	0	-1	false	0.0000	0.0000	false	0				false	true	true	0.0000			false	0.0000	0.0000	false	0.0000
jar_adjustable_missiles__ability_phase__acc__+91	0.0000	negative		false	false	0.0000	0.0000	0.0000	0.0000	0	-1	false	0.0000	0.0000	false	0				false	true	true	0.0000			false	0.0000	0.0000	false	0.0000
jar_adjustable_missiles__ability_phase__acc__+92	0.0000	negative		false	false	0.0000	0.0000	0.0000	0.0000	0	-1	false	0.0000	0.0000	false	0				false	true	true	0.0000			false	0.0000	0.0000	false	0.0000
jar_adjustable_missiles__ability_phase__acc__+93	0.0000	negative		false	false	0.0000	0.0000	0.0000	0.0000	0	-1	false	0.0000	0.0000	false	0				false	true	true	0.0000			false	0.0000	0.0000	false	0.0000
jar_adjustable_missiles__ability_phase__acc__+94	0.0000	negative		false	false	0.0000	0.0000	0.0000	0.0000	0	-1	false	0.0000	0.0000	false	0				false	true	true	0.0000			false	0.0000	0.0000	false	0.0000
jar_adjustable_missiles__ability_phase__acc__+95	0.0000	negative		false	false	0.0000	0.0000	0.0000	0.0000	0	-1	false	0.0000	0.0000	false	0				false	true	true	0.0000			false	0.0000	0.0000	false	0.0000
jar_adjustable_missiles__ability_phase__acc__+96	0.0000	negative		false	false	0.0000	0.0000	0.0000	0.0000	0	-1	false	0.0000	0.0000	false	0				false	true	true	0.0000			false	0.0000	0.0000	false	0.0000
jar_adjustable_missiles__ability_phase__acc__+97	0.0000	negative		false	false	0.0000	0.0000	0.0000	0.0000	0	-1	false	0.0000	0.0000	false	0				false	true	true	0.0000			false	0.0000	0.0000	false	0.0000
jar_adjustable_missiles__ability_phase__acc__+98	0.0000	negative		false	false	0.0000	0.0000	0.0000	0.0000	0	-1	false	0.0000	0.0000	false	0				false	true	true	0.0000			false	0.0000	0.0000	false	0.0000
jar_adjustable_missiles__ability_phase__acc__+99	0.0000	negative		false	false	0.0000	0.0000	0.0000	0.0000	0	-1	false	0.0000	0.0000	false	0				false	true	true	0.0000			false	0.0000	0.0000	false	0.0000
jar_adjustable_missiles__ability_phase__acc__+100	0.0000	negative		false	false	0.0000	0.0000	0.0000	0.0000	0	-1	false	0.0000	0.0000	false	0				false	true	true	0.0000			false	0.0000	0.0000	false	0.0000
